epoch,loss,val_loss
0,2350186.5,0.34609103202819824
0,0.2682538628578186,0.19440586864948273
1,0.1899852156639099,0.1658499538898468
0,0.16475149989128113,0.11851149052381516
1,0.11110476404428482,0.0936175063252449
